filename,label,image_path,normalized_area_k1,normalized_area_k2,solidity_k1,solidity_k2,shape_complexity_k1,shape_complexity_k2,circularity_k1,circularity_k2,perimeter_k1,perimeter_k2,point_density_k1,point_density_k2,num_points_k1,num_points_k2,area_k1,area_k2,num_vertices_k1,num_vertices_k2,aspect_ratio_k1,aspect_ratio_k2
1539-S09-01-10(4) - BASEMENT 2 - SLAB PLAN_page_1.png,0.0,data_/Resi-8 lvls (402489 - Lana Apartments)/images/1539-S09-01-10(4) - BASEMENT 2 - SLAB PLAN_page_1.png,0.5246471790311726,0.475350003247358,0.47271798605618437,0.5272814810559031,0.606215443346233,0.3937845411478938,0.3937840648200844,0.606214710058752,0.5658780407477939,0.4341219592270852,0.4979055353230346,0.5020939624867076,0.5638190447196855,0.43618095525506967,0.5246486573449372,0.4753513426550225,0.6923076390532585,0.3076922840236705,0.5442536815352348,0.45574451119302173
1539-S09-02-10(3) - BASEMENT 1 - SLAB PLAN_page_1.png,0.0,data_/Resi-8 lvls (402489 - Lana Apartments)/images/1539-S09-02-10(3) - BASEMENT 1 - SLAB PLAN_page_1.png,0.5246450179007232,0.47535216435337574,0.4820222427684629,0.5179772355351718,0.5799800232067136,0.4200199602117651,0.4200194761348777,0.5799793547743748,0.5524757185372106,0.44752428143685963,0.49955300192001156,0.5004464975734307,0.5520338498935172,0.4479661500805242,0.5246464962212163,0.4753535037787434,0.636363578512402,0.3636363305785154,0.5227825245889377,0.47721556986086305
1539-S10-01-10(3) - LEVEL 01 - SLAB PLAN_page_1.png,0.0,data_/Resi-8 lvls (402489 - Lana Apartments)/images/1539-S10-01-10(3) - LEVEL 01 - SLAB PLAN_page_1.png,0.8855255439573241,0.11446706355757075,0.7717661150180399,0.22823293989368337,0.1757472245633421,0.8242527723183293,0.8242497278639848,0.17574657542460784,0.5622335625264244,0.43776643744765825,0.4963055370982335,0.5036939547591851,0.5585932350700326,0.44140676490360375,0.8855320902400174,0.11446790975987652,0.4399999824000007,0.5599999776000009,0.3393503024130858,0.6606484451822366
"1539-S10-02-10(3) - LEVEL 02,04,06 - SLAB PLAN_page_1.png",0.0,"data_/Resi-8 lvls (402489 - Lana Apartments)/images/1539-S10-02-10(3) - LEVEL 02,04,06 - SLAB PLAN_page_1.png",0.528207799399336,0.4717869055584648,0.472022880614315,0.5279764748711928,0.3400485194542777,0.6599514768238879,0.6599483126603184,0.34004688907814423,0.4316658305610904,0.5683341694217838,0.49474321871563604,0.5052562692407133,0.4265148861571538,0.573485113825333,0.5282105962966933,0.47178940370323064,0.48148146364883465,0.5185184993141296,0.5666046107112805,0.43339334509441235
"1539-S10-03-10(3) - LEVEL 03,05,07 - SLAB PLAN_page_1.png",0.0,"data_/Resi-8 lvls (402489 - Lana Apartments)/images/1539-S10-03-10(3) - LEVEL 03,05,07 - SLAB PLAN_page_1.png",0.9400389034158846,0.059951645885857045,0.9262632604547916,0.07373550788847451,0.012184026021391143,0.9878159738319732,0.987809522026662,0.012183946442840198,0.30544664456375265,0.6945533554235218,0.4951043918159067,0.5048950968156415,0.3013082318733867,0.6986917681136477,0.9400477875237454,0.059952212476118955,0.5833333090277788,0.41666664930555625,0.5658885911336167,0.43410924045514454
1539-S10-08-10(3) - LEVEL 08 - SLAB PLAN_page_1.png,0.0,data_/Resi-8 lvls (402489 - Lana Apartments)/images/1539-S10-08-10(3) - LEVEL 08 - SLAB PLAN_page_1.png,0.7381825111238031,0.26180995655536105,0.7018007740331467,0.29819834657012195,0.0929840005059248,0.9070159980199372,0.9070118699455996,0.09298357731067011,0.3496495018084824,0.6503504981746736,0.4985228091332159,0.5014766826180969,0.3483073027978119,0.6516926971850815,0.7381880713931143,0.26181192860677766,0.4399999824000007,0.5599999776000009,0.5467322860854776,0.4532654201053824
COMBINED-14-11-2023_page_19.png,0.0,data_/Resi-8 lvls (402489 - Lana Apartments)/images/COMBINED-14-11-2023_page_19.png,0.5246471790311726,0.475350003247358,0.47271798605618437,0.5272814810559031,0.606215443346233,0.3937845411478938,0.3937840648200844,0.606214710058752,0.5658780407477939,0.4341219592270852,0.4979055353230346,0.5020939624867076,0.5638190447196855,0.43618095525506967,0.5246486573449372,0.4753513426550225,0.6923076390532585,0.3076922840236705,0.5442536815352348,0.45574451119302173
COMBINED-14-11-2023_page_23.png,0.0,data_/Resi-8 lvls (402489 - Lana Apartments)/images/COMBINED-14-11-2023_page_23.png,0.5246450179007232,0.47535216435337574,0.4820222427684629,0.5179772355351718,0.5799800232067136,0.4200199602117651,0.4200194761348777,0.5799793547743748,0.5524757185372106,0.44752428143685963,0.49955300192001156,0.5004464975734307,0.5520338498935172,0.4479661500805242,0.5246464962212163,0.4753535037787434,0.636363578512402,0.3636363305785154,0.5227825245889377,0.47721556986086305
COMBINED-14-11-2023_page_29.png,0.0,data_/Resi-8 lvls (402489 - Lana Apartments)/images/COMBINED-14-11-2023_page_29.png,0.8855255439573241,0.11446706355757075,0.7717661150180399,0.22823293989368337,0.1757472245633421,0.8242527723183293,0.8242497278639848,0.17574657542460784,0.5622335625264244,0.43776643744765825,0.4963055370982335,0.5036939547591851,0.5585932350700326,0.44140676490360375,0.8855320902400174,0.11446790975987652,0.4399999824000007,0.5599999776000009,0.3393503024130858,0.6606484451822366
COMBINED-14-11-2023_page_31.png,0.0,data_/Resi-8 lvls (402489 - Lana Apartments)/images/COMBINED-14-11-2023_page_31.png,0.528207799399336,0.4717869055584648,0.472022880614315,0.5279764748711928,0.3400485194542777,0.6599514768238879,0.6599483126603184,0.34004688907814423,0.4316658305610904,0.5683341694217838,0.49474321871563604,0.5052562692407133,0.4265148861571538,0.573485113825333,0.5282105962966933,0.47178940370323064,0.48148146364883465,0.5185184993141296,0.5666046107112805,0.43339334509441235
COMBINED-14-11-2023_page_35.png,0.0,data_/Resi-8 lvls (402489 - Lana Apartments)/images/COMBINED-14-11-2023_page_35.png,0.9403252675842918,0.059665278220118294,0.9263529652092428,0.07364580293417121,0.012350657042561547,0.9876493428069789,0.9876429711330886,0.012350577364121443,0.30744926256156085,0.6925507374255516,0.49497581130499496,0.5050236779152416,0.30318688524192544,0.6968131147449599,0.9403341576872108,0.059665842312653455,0.5833333090277788,0.41666664930555625,0.5658885911336167,0.43410924045514454
COMBINED-14-11-2023_page_39.png,0.0,data_/Resi-8 lvls (402489 - Lana Apartments)/images/COMBINED-14-11-2023_page_39.png,0.7381825111238031,0.26180995655536105,0.7018007740331467,0.29819834657012195,0.0929840005059248,0.9070159980199372,0.9070118699455996,0.09298357731067011,0.3496495018084824,0.6503504981746736,0.4985228091332159,0.5014766826180969,0.3483073027978119,0.6516926971850815,0.7381880713931143,0.26181192860677766,0.4399999824000007,0.5599999776000009,0.5467322860854776,0.4532654201053824
21005-S121-LEVEL-8-SUSPENDED-SLAB-PLAN-Rev.C_page_1.png,1.0,data_/Res-7 level-PoC/images/21005-S121-LEVEL-8-SUSPENDED-SLAB-PLAN-Rev.C_page_1.png,0.5002142528588194,0.49978422050765253,0.49715250885616136,0.5028469268181393,0.5495044913887882,0.4504954920887093,0.45049496241866727,0.5495038453089226,0.5249204519508208,0.4750795480301334,0.5003379600872507,0.4996615100636665,0.525257825576192,0.47474217440362587,0.5002150165038239,0.49978498349615424,0.4210526094182837,0.5789473379501401,0.4975449676015955,0.5024543939576507
21005-S13-FOOTING-&-SLAB-ON-GROUND-PLAN-SHEET-1-of-2-Rev.B_page_1.png,1.0,data_/Res-7 level-PoC/images/21005-S13-FOOTING-&-SLAB-ON-GROUND-PLAN-SHEET-1-of-2-Rev.B_page_1.png,0.5020353645272914,0.4979631943007494,0.45682970152240604,0.5431697033825642,0.8609034492727285,0.13909654670538005,0.1390962176961508,0.8609014129520075,0.7141200753898462,0.28587992460024864,0.4852490496043511,0.5147504316247912,0.701920374699954,0.2980796252896375,0.5020360880476137,0.4979639119523657,0.590909064049588,0.4090908904958686,0.47350882655124465,0.5264905158571601
21005-S131-LEVEL-9-UPPER-ROOF-SUSPENDED-SLAB-PLAN-Rev.B_page_1.png,1.0,data_/Res-7 level-PoC/images/21005-S131-LEVEL-9-UPPER-ROOF-SUSPENDED-SLAB-PLAN-Rev.B_page_1.png,0.4999870892987125,0.49998509403921515,0.48191645926321935,0.5180829862501981,0.5411709051759547,0.4588290707190976,0.45882870566480277,0.5411704746087221,0.5206209691039798,0.47937903079785826,0.4998227518430986,0.5001767475130542,0.5204442696559421,0.47955573024576803,0.5000009976573007,0.4999990023423003,0.6521738846880919,0.34782607183364905,0.5300383803940466,0.4699609040056903
21005-S14-FOOTING-&-SLAB-ON-GROUND-PLAN-SHEET-2-of-2-Rev.B_page_1.png,1.0,data_/Res-7 level-PoC/images/21005-S14-FOOTING-&-SLAB-ON-GROUND-PLAN-SHEET-2-of-2-Rev.B_page_1.png,0.9383905786497091,0.0616054199978195,0.9178824356615117,0.08211624545705686,0.06393771107457477,0.9360622886629353,0.9360453050582337,0.06393655100988296,0.5049553036033647,0.4950446963886333,0.48580876984617427,0.5141907076757328,0.4907617287110687,0.5092382712805671,0.9383943334961408,0.061605666503801886,0.4615384437869829,0.5384615177514801,0.445541383545799,0.5544581562365865
21005-S21-LOWER-GROUND-SUSPENDED-SLAB-PLAN-SHEET-1-of-2-Rev.C_page_1.png,1.0,data_/Res-7 level-PoC/images/21005-S21-LOWER-GROUND-SUSPENDED-SLAB-PLAN-SHEET-1-of-2-Rev.C_page_1.png,0.5236794359731929,0.47631923366964785,0.4979631296178198,0.5020362929584448,0.5315553252561296,0.4684446637826941,0.4684438220853984,0.5315543701621466,0.5276194500272232,0.4723805499583129,0.494048150926824,0.505951322331681,0.5216821175817017,0.47831788240305084,0.5236801326547965,0.4763198673451844,0.5199999792000009,0.4799999808000007,0.4797830181684854,0.5202163767606585
21005-S22-LOWER-GROUND-SUSPENDED-SLAB-PLAN-SHEET-2-of-2-Rev.F_page_1.png,1.0,data_/Res-7 level-PoC/images/21005-S22-LOWER-GROUND-SUSPENDED-SLAB-PLAN-SHEET-2-of-2-Rev.F_page_1.png,0.5045332897411157,0.4954645543176408,0.49901815487514223,0.5009812886981135,0.5003198823163824,0.4996801039512052,0.4996793869197245,0.5003191643668318,0.5024271764392401,0.4975728235401508,0.4957998544244551,0.5041996242664609,0.4982272170423915,0.5017727829361203,0.5045343774875733,0.49546562251239584,0.5555555246913597,0.4444444197530878,0.49504983421491877,0.5049497495511827
21005-S31-GROUND-FLOOR-SUSPENDED-SLAB-PLAN-SHEET-1-of-2-Rev.G_page_1.png,1.0,data_/Res-7 level-PoC/images/21005-S31-GROUND-FLOOR-SUSPENDED-SLAB-PLAN-SHEET-1-of-2-Rev.G_page_1.png,0.5121023773463997,0.4878963665993971,0.49140095573999465,0.5085985029755468,0.5640342245760503,0.43596575827987843,0.43596526814775977,0.5640335904636589,0.5381721739446867,0.46182782603771316,0.4907786252848665,0.5092208554782766,0.5289918734803245,0.4710081265013726,0.512103020575542,0.48789697942444,0.5833332847222263,0.41666663194444736,0.4940738434088705,0.5059255011564656
21005-S32-GROUND-FLOOR-SUSPENDED-SLAB-PLAN-SHEET-2-of-2-Rev.G_page_1.png,1.0,data_/Res-7 level-PoC/images/21005-S32-GROUND-FLOOR-SUSPENDED-SLAB-PLAN-SHEET-2-of-2-Rev.G_page_1.png,0.5000007766208789,0.4999971725128413,0.49849994494067273,0.5014995245477761,0.5138684826452868,0.48613149753667917,0.4861310195428333,0.5138679773787621,0.506936481470014,0.49306351850583674,0.49984957155112686,0.5001499221151123,0.5067863343888194,0.49321366558672536,0.5000018020576998,0.4999981979422708,0.6428570969387788,0.3571428316326549,0.5007067249155039,0.499292861592952
21005-S51-LEVEL-1-SUSPENDED-SLAB-PLAN-SHEET-1-of-2-Rev.J_page_1.png,1.0,data_/Res-7 level-PoC/images/21005-S51-LEVEL-1-SUSPENDED-SLAB-PLAN-SHEET-1-of-2-Rev.J_page_1.png,0.5060876355855498,0.49391087570004616,0.49120834050291773,0.5087910893163656,0.5690185877200068,0.4309813948934063,0.43098091863910076,0.5690179589282409,0.537703658224029,0.4622963417566628,0.49840901000272575,0.5015904646208842,0.5361215958331076,0.4638784041465993,0.5060883890066135,0.4939116109933652,0.4444444197530878,0.5555555246913597,0.4851538835696424,0.5148454829227991
21005-S52-LEVEL-1-SUSPENDED-SLAB-PLAN-SHEET-2-of-2-Rev.H_page_1.png,1.0,data_/Res-7 level-PoC/images/21005-S52-LEVEL-1-SUSPENDED-SLAB-PLAN-SHEET-2-of-2-Rev.H_page_1.png,0.5060263225007601,0.4939715328027018,0.5020780424998941,0.4979213824846602,0.5279938634177671,0.4720061186265162,0.47200560577371475,0.5279932897321274,0.5170188618819738,0.48298113809451626,0.4973817085416631,0.5026177822803641,0.5144033907110844,0.4855966092649698,0.5060274077759742,0.4939725922239951,0.4545454338842984,0.5454545206611581,0.506748957411987,0.49325061519842595
21005-S61-LEVEL-2-SUSPENDED-SLAB-PLAN-SHEET-1-of-2-Rev.H_page_1.png,1.0,data_/Res-7 level-PoC/images/21005-S61-LEVEL-2-SUSPENDED-SLAB-PLAN-SHEET-1-of-2-Rev.H_page_1.png,0.5001234383677445,0.49987497067953146,0.4979763159278629,0.5020230849469122,0.5634954165296168,0.4365045705455238,0.43650391514134407,0.5634945704508442,0.5319386148132882,0.4680613851695018,0.5009103393948332,0.4990891355089034,0.5328453962133759,0.4671546037685524,0.5001242340417457,0.4998757659582316,0.49999997222222375,0.49999997222222375,0.49904686306137536,0.5009525205424055
21005-S62-LEVEL-2-SUSPENDED-SLAB-PLAN-SHEET-2-of-2-Rev.G_page_1.png,1.0,data_/Res-7 level-PoC/images/21005-S62-LEVEL-2-SUSPENDED-SLAB-PLAN-SHEET-2-of-2-Rev.G_page_1.png,0.500018624889346,0.49997899576295507,0.4999206484717361,0.5000787065818473,0.5471019732744187,0.4528980149132611,0.45289726426038046,0.5471010664837975,0.5236133583570083,0.47638664162288963,0.5003252653834118,0.49967422175619297,0.523938144319094,0.47606185566028736,0.5000198146103243,0.4999801853896416,0.48148146364883465,0.5185184993141296,0.5000432995136157,0.49995626564832146
21005-S71-LEVEL-3-SUSPENDED-SLAB-PLAN-SHEET-1-of-2-Rev.C_page_1.png,1.0,data_/Res-7 level-PoC/images/21005-S71-LEVEL-3-SUSPENDED-SLAB-PLAN-SHEET-1-of-2-Rev.C_page_1.png,0.518950866312438,0.481047669584659,0.49454325349437694,0.5054561882945169,0.5751559577272893,0.4248440285893208,0.4248434306757869,0.5751551482689751,0.5472042473478933,0.45279575263512667,0.4951334316629602,0.504866034305033,0.5423768810371875,0.45762311894466,0.5189516261110094,0.4810483738889696,0.42857139795918586,0.5714285306122479,0.4759796313382116,0.5240197087096001
21005-S81-LEVEL-4-SUSPENDED-SLAB-PLAN-Rev.C_page_1.png,1.0,data_/Res-7 level-PoC/images/21005-S81-LEVEL-4-SUSPENDED-SLAB-PLAN-Rev.C_page_1.png,0.501552647362082,0.4984458270795355,0.4984712596038019,0.5015281766099768,0.42111170438172496,0.5788882845828538,0.5788872733472274,0.42111096875937876,0.4610791840175682,0.5389208159668402,0.4988553892045893,0.5011440820571225,0.45994197355082356,0.5400580264326916,0.5015534125110839,0.4984465874888943,0.42857139795918586,0.5714285306122479,0.4975449676015955,0.5024543939576507
S02.1-BASEMENT-2-SLAB-PLAN-Rev.A_page_1.png,1.0,data_/402627 - BHC Chermside McNabs/images/S02.1-BASEMENT-2-SLAB-PLAN-Rev.A_page_1.png,0.522777632458519,0.4772197433184767,0.4860069316782672,0.5139923793137109,0.6935546008645832,0.3064453961616886,0.30644365416978975,0.6935506583465645,0.6115862271497903,0.3884137728394632,0.4998890168136695,0.5001104599283273,0.6114810149292392,0.3885189850595137,0.5227790043471887,0.4772209956527737,0.4782608487712674,0.5217391077504736,0.529597141058007,0.47040184086136777
S02.1-BASEMENT-2-SLAB-PLAN-Rev.B_page_1.png,1.0,data_/402627 - BHC Chermside McNabs/images/S02.1-BASEMENT-2-SLAB-PLAN-Rev.B_page_1.png,0.5223552886460399,0.4776420934018816,0.48558406396234827,0.5144152487188945,0.7076017790437702,0.2923982178073314,0.29239668986856715,0.7075980814419313,0.6193111808562611,0.38068881913266117,0.5007858778125048,0.49921359761944756,0.6200522799811786,0.37994772000720367,0.522356656150714,0.4776433438492485,0.4782608487712674,0.5217391077504736,0.529597141058007,0.47040184086136777
S03.1-BASEMENT-1-SLAB-PLAN-Rev.A_page_1.png,1.0,data_/402627 - BHC Chermside McNabs/images/S03.1-BASEMENT-1-SLAB-PLAN-Rev.A_page_1.png,0.5048299863714275,0.49516836708166867,0.45640244660470447,0.5435969832572491,0.8113660999663876,0.18863389490104432,0.18863344824795955,0.8113641787890108,0.6768028661703757,0.3231971338179806,0.4984862133966814,0.501513264124112,0.6754771678013682,0.32452283218645145,0.5048308175990353,0.49516918240094115,0.4999999375000079,0.4999999375000079,0.5296782047444896,0.47032064982457517
S03.1-BASEMENT-1-SLAB-PLAN-Rev.B_page_1.png,1.0,data_/402627 - BHC Chermside McNabs/images/S03.1-BASEMENT-1-SLAB-PLAN-Rev.B_page_1.png,0.5048305092332338,0.4951678448123607,0.45640296533704294,0.5435964647300133,0.8112264431556895,0.18877355178528654,0.1887730980174749,0.8112244931555735,0.6767033163152493,0.3232966836731934,0.4987305390223393,0.5012689380185612,0.6755916372177856,0.3244083627701156,0.5048313401625902,0.49516865983738617,0.4999999375000079,0.4999999375000079,0.5296782047444896,0.47032064982457517
S04.1-LEVEL-1-SLAB-PLAN-Rev.A_page_1.png,1.0,data_/402627 - BHC Chermside McNabs/images/S04.1-LEVEL-1-SLAB-PLAN-Rev.A_page_1.png,0.5220294580261466,0.47796911965324396,0.44055106556240087,0.5594483126490403,0.9101744537182191,0.08982554405341112,0.08982528199724708,0.9101717983841662,0.7688754758203741,0.2311245241721044,0.49432601625601114,0.5056734732397556,0.7648176908218415,0.23518230917043198,0.5220302005204489,0.4779697994795307,0.333333319444445,0.66666663888889,0.5291903943033168,0.47080852176118276
S05.1-LEVEL-2-SLAB-PLAN-Rev.5_page_1.png,1.0,data_/402627 - BHC Chermside McNabs/images/S05.1-LEVEL-2-SLAB-PLAN-Rev.5_page_1.png,0.5090468430470307,0.4909515396663669,0.4832592670106313,0.5167401621100088,0.29787402491664083,0.7021259704469434,0.7021234533054832,0.2978729570298376,0.3987625604534736,0.6012374395359055,0.49944861826989134,0.5005508802288071,0.39823414134965457,0.601765858639695,0.5090476663229897,0.49095233367698715,0.4117646816609011,0.588235259515573,0.5011340977682538,0.49886476016219294
S06.1-LEVEL-3-5-SLAB-PLAN-Rev.6_page_1.png,1.0,data_/402627 - BHC Chermside McNabs/images/S06.1-LEVEL-3-5-SLAB-PLAN-Rev.6_page_1.png,0.5045056415346709,0.49549254689657535,0.49239706207295786,0.5076023482167068,0.6199598983370157,0.3800400925773514,0.38003931177671346,0.6199586246159174,0.5630875710269126,0.43691242895761595,0.49970711279249663,0.500292385937246,0.562799571865252,0.4372004281192362,0.5045065554829697,0.4954934445170043,0.37931033174791956,0.620689633769323,0.5007594842291375,0.4992393100029108
S06.10-LEVEL-6-SLAB-PLAN-Rev.5_page_1.png,1.0,data_/402627 - BHC Chermside McNabs/images/S06.10-LEVEL-6-SLAB-PLAN-Rev.5_page_1.png,0.5008651584928655,0.4991330166420142,0.4888424872989492,0.5111569186004019,0.6179515108337235,0.38204847999688746,0.3820477007191604,0.617950250376284,0.5602467130152892,0.4397532869691085,0.4994799984447349,0.5005194998412936,0.5597344439833443,0.4402655560009979,0.5008660725058781,0.4991339274940958,0.45454544077135034,0.5454545289256204,0.504305230658512,0.4956935756141067
S07.1-LEVEL-7-SLAB-PLAN-Rev.6_page_1.png,1.0,data_/402627 - BHC Chermside McNabs/images/S07.1-LEVEL-7-SLAB-PLAN-Rev.6_page_1.png,0.5006685245263285,0.49932965015091085,0.48607588076333824,0.5139235220840159,0.6028264411476382,0.3971735500326157,0.39717269553802576,0.6028251442034368,0.5522997184425875,0.44770028154213454,0.49887757642771946,0.5011219213571305,0.5511895625395059,0.44881043744514487,0.500669438409637,0.49933056159033695,0.44117645761245716,0.558823512975779,0.5092090275091249,0.4907897878970242
220960-S2501-BASEMENT 2 GENERAL ARRANGEMENT PLAN[C03]_page_1.png,1.0,data_/Resi-6 lvls (402460 - One Earle Lane)/images/220960-S2501-BASEMENT 2 GENERAL ARRANGEMENT PLAN[C03]_page_1.png,0.49999955161084525,0.4999992951846442,0.49985075665405626,0.5001487056184819,0.5013709795366529,0.49862900879109595,0.4986281647479558,0.5013701308521029,0.5006855580823942,0.49931444190370977,0.49995352854201597,0.5000459301666029,0.5006393573255211,0.4993606426594353,0.5000001282132401,0.4999998717867434,0.49999997222222375,0.49999997222222375,0.49971565044107413,0.5002837858240671
220960-S2511-BASEMENT 1 GENERAL ARRANGEMENT PLAN[C03]_page_1.png,1.0,data_/Resi-6 lvls (402460 - One Earle Lane)/images/220960-S2511-BASEMENT 1 GENERAL ARRANGEMENT PLAN[C03]_page_1.png,0.504363141124402,0.4956357170752841,0.4995850564691759,0.5004143981508921,0.487141649493069,0.5128583412017408,0.512857250217455,0.4871406132149356,0.4957514252945165,0.504248574693136,0.5034019521008518,0.4965974951340613,0.49915360672064724,0.5008463932657014,0.5043637170070442,0.4956362829929395,0.49999997222222375,0.49999997222222375,0.49074933136007337,0.509250093042244
220960-S5011-LEVEL 1 GENERAL ARRANGEMENT PLAN[C02]_page_1.png,0.0,data_/Resi-6 lvls (402460 - One Earle Lane)/images/220960-S5011-LEVEL 1 GENERAL ARRANGEMENT PLAN[C02]_page_1.png,0.6430093016281128,0.35698938580808587,0.619913719709235,0.380085556869062,0.23973375319491375,0.7602662445683973,0.760261316321142,0.23973219917720004,0.4297568405493149,0.5702431594435815,0.49378344982626693,0.5062160363996708,0.42367385601556634,0.5763261439771471,0.6430101456199417,0.3569898543800395,0.28571427551020445,0.7142856887755111,0.5131171183102379,0.4868822745607435
220960-S5021-LEVEL 2 GENERAL ARRANGEMENT PLAN[C01]_page_1.png,1.0,data_/Resi-6 lvls (402460 - One Earle Lane)/images/220960-S5021-LEVEL 2 GENERAL ARRANGEMENT PLAN[C01]_page_1.png,0.5132099750735839,0.48678851652746036,0.4795046469978711,0.5204947163934458,0.5850686724882691,0.4149313193903791,0.4149303357535676,0.5850672855235918,0.5493972799589169,0.4506027200277919,0.5058614137006947,0.4941380706721469,0.5551950274427351,0.44480497254357415,0.513210749200131,0.4867892507998474,0.36842104293628836,0.6315789307479229,0.48715013457546524,0.5128492582426502
220960-S5031-LEVEL 3 GENERAL ARRANGEMENT PLAN[C01]_page_1.png,1.0,data_/Resi-6 lvls (402460 - One Earle Lane)/images/220960-S5031-LEVEL 3 GENERAL ARRANGEMENT PLAN[C01]_page_1.png,0.5030204125974079,0.4969781182386247,0.49037244054177814,0.5096269852398407,0.5193065411615463,0.48069344109689216,0.4806929114074046,0.5193059689232087,0.5111668140618864,0.4888331859187739,0.49490728476339213,0.5050921926305273,0.506075739491173,0.49392426048860827,0.5030211516179481,0.4969788483820308,0.37499998437500065,0.6249999739583344,0.5035982236165725,0.49640115253729955
220960-S5041-LEVEL 4 GENERAL ARRANGEMENT PLAN[C02]_page_1.png,1.0,data_/Resi-6 lvls (402460 - One Earle Lane)/images/220960-S5041-LEVEL 4 GENERAL ARRANGEMENT PLAN[C02]_page_1.png,0.5000683078425483,0.49993015934399615,0.49854804711221656,0.5014513709123753,0.5496246852676624,0.4503752992416464,0.4503747335090724,0.5496239948643734,0.5249082044188632,0.4750917955626578,0.4960126646933218,0.5039868218564176,0.5209294378852074,0.47907056209580895,0.5000690743551433,0.4999309256448348,0.4999999852941181,0.4999999852941181,0.50405902859219,0.4959403606033319
220960-S5051-LEVEL 5 GENERAL ARRANGEMENT PLAN[C02]_page_1.png,1.0,data_/Resi-6 lvls (402460 - One Earle Lane)/images/220960-S5051-LEVEL 5 GENERAL ARRANGEMENT PLAN[C02]_page_1.png,0.5000683343218267,0.49993013276399845,0.4985480736225986,0.5014513443637522,0.5503152487525214,0.44968473578155643,0.4496841701491707,0.5503145565428413,0.5252561052469249,0.47474389473460965,0.4960098441559974,0.5039896423908685,0.5212747794646443,0.4787252205163857,0.5000691008848289,0.49993089911514915,0.4999999852941181,0.4999999852941181,0.50405902859219,0.4959403606033319
220960-S5061-LEVEL 6 GENERAL ARRANGEMENT PLAN[C02]_page_1.png,1.0,data_/Resi-6 lvls (402460 - One Earle Lane)/images/220960-S5061-LEVEL 6 GENERAL ARRANGEMENT PLAN[C02]_page_1.png,0.5018889243717533,0.4981093960308964,0.5000913120606443,0.4999081157797729,0.5086500291257139,0.49134995371614937,0.4913493926117759,0.5086494482652625,0.5052701434675081,0.4947298565121585,0.4959522978208706,0.5040471882273839,0.501222800516268,0.49877719946282945,0.5018897673444647,0.49811023265551135,0.4999999852941181,0.4999999852941181,0.5041095903944803,0.49588986750477115
220960-S5071-LEVEL 7 GENERAL ARRANGEMENT PLAN[C02]_page_1.png,1.0,data_/Resi-6 lvls (402460 - One Earle Lane)/images/220960-S5071-LEVEL 7 GENERAL ARRANGEMENT PLAN[C02]_page_1.png,0.5016210925206998,0.49837722697883885,0.4998234769117476,0.5001759506221247,0.5113086111713014,0.48869137176340055,0.488690810688963,0.5113080241296469,0.5064658844938937,0.493534115485822,0.4958279564485669,0.504171529472903,0.5022943433901573,0.49770565658898497,0.5016219354965817,0.49837806450339417,0.4999999852941181,0.4999999852941181,0.5041095903944803,0.49588986750477115
220960-S5081-LEVEL 8 GENERAL ARRANGEMENT PLAN[C02]_page_1.png,1.0,data_/Resi-6 lvls (402460 - One Earle Lane)/images/220960-S5081-LEVEL 8 GENERAL ARRANGEMENT PLAN[C02]_page_1.png,0.5020748769365578,0.49792344408165995,0.5002154864302534,0.49978394154838324,0.5160510959430311,0.4839488872856137,0.48394832192883275,0.5160504930839398,0.5090651833605114,0.49093481661938787,0.49454990287128925,0.5054495817676803,0.5036160556913274,0.49638394428795024,0.5020757199125327,0.49792428008744316,0.4999999852941181,0.4999999852941181,0.5040171579703256,0.4959822998278799
220960_S5091_LEVEL 9 GENERAL ARRANGEMENT PLAN[C03]_page_1.png,1.0,data_/Resi-6 lvls (402460 - One Earle Lane)/images/220960_S5091_LEVEL 9 GENERAL ARRANGEMENT PLAN[C03]_page_1.png,0.4999993385467181,0.49999900607983866,0.4999709089271288,0.5000285289602049,0.501094730181421,0.4989052479839221,0.49890480430881695,0.5010942845592152,0.5005474543226884,0.49945254565454045,0.4998436912844937,0.5001558031751587,0.5003913984320949,0.4996086015448817,0.500000166233703,0.4999998337662732,0.49999997727272827,0.49999997727272827,0.4999997267079101,0.4999997267079101
220960_S5101_LEVEL 10 GENERAL ARRANGEMENT PLAN[C03]_page_1.png,1.0,data_/Resi-6 lvls (402460 - One Earle Lane)/images/220960_S5101_LEVEL 10 GENERAL ARRANGEMENT PLAN[C03]_page_1.png,0.5185709229521703,0.4814262081228337,0.5023002788272356,0.49769901192983085,0.6335303431709136,0.3664696476546303,0.3664689130235451,0.6335290731855642,0.5770946793869711,0.4229053205934643,0.49906937876213714,0.5009301186609056,0.5761861672716936,0.4238138327086353,0.5185724106975003,0.48142758930245866,0.5925925706447196,0.4074073923182447,0.4996366523291506,0.500362808669546
EDGE_BASEMENT 1 AND 2 B190.A 230518_page_1.png,1.0,data_/Resi-6 lvls (402460 - One Earle Lane)/images/EDGE_BASEMENT 1 AND 2 B190.A 230518_page_1.png,0.4999995515919657,0.49999929515496777,0.49985242887152054,0.5001470335353975,0.5013833464229517,0.4986166416937878,0.49861581286741513,0.5013825129976194,0.5006917416163315,0.4993082583696472,0.49995322727425295,0.500046231337457,0.5006452396419961,0.4993547603428219,0.5000001282186386,0.4999998717813449,0.49999997222222375,0.49999997222222375,0.49971565044107413,0.5002837858240671
EDGE_BASEMENT 1 AND 2 B190.A 230518_page_2.png,1.0,data_/Resi-6 lvls (402460 - One Earle Lane)/images/EDGE_BASEMENT 1 AND 2 B190.A 230518_page_2.png,0.5011927112692957,0.4988061381432625,0.4983089914185245,0.5016904692889025,0.5716015699602137,0.428398420083266,0.4283975859108255,0.5716004569442588,0.5365797404301332,0.4634202595570151,0.4975446091773163,0.5024548463778786,0.5341368835057447,0.4658631164802562,0.5011932879359904,0.49880671206399313,0.47058820761245834,0.5294117335640156,0.5013168350686628,0.4986826030007395
S2501-BASEMENT-2-GENERAL-ARRANGEMENT-PLAN-Rev.C02._page_1.png,0.0,data_/Resi-6 lvls (402460 - One Earle Lane)/images/S2501-BASEMENT-2-GENERAL-ARRANGEMENT-PLAN-Rev.C02._page_1.png,0.9976889971475278,0.0023086998216722745,0.48101844589518866,0.5189810351237762,0.6273086492134533,0.37269133672115623,0.3726908489964258,0.6273078282822652,0.9642473205017728,0.035752679445649756,0.4787313465994491,0.5212681321324188,0.961193859444091,0.03880614049884117,0.9976912948611767,0.0023087051386910117,0.6923076390532585,0.3076922840236705,0.7937666245430491,0.20623247963461752
S2501-BASEMENT-2-GENERAL-ARRANGEMENT-PLAN-Rev.C02_page_1.png,1.0,data_/Resi-6 lvls (402460 - One Earle Lane)/images/S2501-BASEMENT-2-GENERAL-ARRANGEMENT-PLAN-Rev.C02_page_1.png,0.4999995515919657,0.49999929515496777,0.49985242887152054,0.5001470335353975,0.5013833464229517,0.4986166416937878,0.49861581286741513,0.5013825129976194,0.5006917416163315,0.4993082583696472,0.49995322727425295,0.500046231337457,0.5006452396419961,0.4993547603428219,0.5000001282186386,0.4999998717813449,0.49999997222222375,0.49999997222222375,0.49971565044107413,0.5002837858240671
S2511-BASEMENT-1-GENERAL-ARRANGEMENT-PLAN-Rev.C02_page_1.png,1.0,data_/Resi-6 lvls (402460 - One Earle Lane)/images/S2511-BASEMENT-1-GENERAL-ARRANGEMENT-PLAN-Rev.C02_page_1.png,0.5011928421430769,0.4988060071432297,0.49830912232542296,0.5016903383228277,0.5718587579348683,0.4281412320388284,0.4281404043544585,0.571857652415193,0.5367103964980594,0.4632896034890431,0.4975279014671942,0.5024715542142062,0.5342510007650222,0.465748999220932,0.5011934188731988,0.4988065811267847,0.47058820761245834,0.5294117335640156,0.5013168350686628,0.4986826030007395
S5011-LEVEL-1-GENERAL-ARRANGEMENT-PLAN-Rev.C01_page_1.png,0.0,data_/Resi-6 lvls (402460 - One Earle Lane)/images/S5011-LEVEL-1-GENERAL-ARRANGEMENT-PLAN-Rev.C01_page_1.png,0.790631861784281,0.20936651810373033,0.7776275157700104,0.22237159346700647,0.07749591432117917,0.9225040848045644,0.9224980826727562,0.07749541010585914,0.3603004689939748,0.6396995309994639,0.4971816276740901,0.502817862854328,0.35770642813992587,0.642293571853399,0.7906331426984958,0.20936685730148102,0.23999999040000036,0.7599999696000012,0.5181251424134768,0.4818742567023673
S03-01.1-BASEMENT-4-GENERAL-ARRANGEMENT-PLAN-Rev.D_page_1.png,1.0,data_/402867 - Polycell - The Rochester/images/S03-01.1-BASEMENT-4-GENERAL-ARRANGEMENT-PLAN-Rev.D_page_1.png,0.5000678271789492,0.49993077126010094,0.4892203129640879,0.5107791762518877,0.5458595240363631,0.454140447013885,0.45414015069988833,0.5458591678782224,0.5230123889114797,0.47698761106436854,0.4990487445572759,0.5009507493761036,0.5220633174300926,0.4779366825454605,0.5000685280554603,0.4999314719445196,0.5833332847222263,0.41666663194444736,0.5212726581152638,0.4787267986884432
S09-03.1-BASEMENT-1-GENERAL-ARRANGEMENT-PLAN-Rev.A_page_1.png,0.0,data_/402867 - Polycell - The Rochester/images/S09-03.1-BASEMENT-1-GENERAL-ARRANGEMENT-PLAN-Rev.A_page_1.png,0.758901109286173,0.24109676314549577,0.4955154123346422,0.5044840831812747,0.35734751226788974,0.6426524671362777,0.6426519101376788,0.35734720254829194,0.5695189810239127,0.4304810189486674,0.49635993823688773,0.5036395580703973,0.5659459160381036,0.43405408393424616,0.7589027239035517,0.24109727609641782,0.4999999375000079,0.4999999375000079,0.13304601162250868,0.8669538341541154
S10-02.1-LEVEL-02-GENERAL-ARRANGEMENT-PLAN-Rev.D_page_1.png,1.0,data_/402867 - Polycell - The Rochester/images/S10-02.1-LEVEL-02-GENERAL-ARRANGEMENT-PLAN-Rev.D_page_1.png,0.5000675928550432,0.4999302958397966,0.48692218825530514,0.5130771947110613,0.5891245613779504,0.4108754222724148,0.4108749449191083,0.5891238769355572,0.5449560366672725,0.45504396331038477,0.49994453527872923,0.5000549448964088,0.544901277571547,0.4550987224052242,0.5000686486525464,0.4999313513474233,0.5217391077504736,0.4782608487712674,0.5096874289494213,0.49031198952041566
S10-05.1-LEVEL-05-GENERAL-ARRANGEMENT-PLAN-Rev.E_page_1.png,0.0,data_/402867 - Polycell - The Rochester/images/S10-05.1-LEVEL-05-GENERAL-ARRANGEMENT-PLAN-Rev.E_page_1.png,0.6623257725630488,0.33767125060249314,0.4644589443613831,0.5355405200980969,0.5675639799487939,0.432436006185714,0.4324354030477538,0.567563188341767,0.6160467229663058,0.3839532770092443,0.49439452591375216,0.5056049684279287,0.6107296030787929,0.38927039689641596,0.662327744203072,0.3376722557968853,0.7894736426592819,0.21052630470914185,0.1328925848062984,0.8671072608361253
S10-17.1-LEVEL-17-GENERAL-ARRANGEMENT-PLAN-Rev.A_page_1.png,1.0,data_/402867 - Polycell - The Rochester/images/S10-17.1-LEVEL-17-GENERAL-ARRANGEMENT-PLAN-Rev.A_page_1.png,0.5052611404128828,0.4947361471185716,0.49497976748046424,0.5050196519787239,0.6074986697547952,0.3925013135646605,0.3925008736266683,0.6074979888354306,0.5569839589995919,0.443016040974795,0.5001327716266047,0.4998666972963472,0.5571152642738617,0.442884735698934,0.5052625109215313,0.4947374890784298,0.5384615177514801,0.4615384437869829,0.49138432608101057,0.5086150852467142
S10-26.1-LEVEL-26-GENERAL-ARRANGEMENT-PLAN-Rev.5_page_1.png,1.0,data_/402867 - Polycell - The Rochester/images/S10-26.1-LEVEL-26-GENERAL-ARRANGEMENT-PLAN-Rev.5_page_1.png,0.4999991621920612,0.49999816541501363,0.4963760299593633,0.5036233959354918,0.5198765227041485,0.48012345572864146,0.4801230239007705,0.5198760551219688,0.5099424455221795,0.49005755444906,0.500342480760657,0.49965698865244507,0.5102850515622814,0.4897149484071991,0.5000004983898366,0.49999950161012513,0.4799999808000007,0.5199999792000009,0.4979450880548694,0.5020543351632522
S10-29.1-LEVEL-29-GENERAL-ARRANGEMENT-PLAN-Rev.4_page_1.png,1.0,data_/402867 - Polycell - The Rochester/images/S10-29.1-LEVEL-29-GENERAL-ARRANGEMENT-PLAN-Rev.4_page_1.png,0.4999989925347094,0.4999982645814107,0.49994167494423347,0.5000577528749369,0.5487369840225675,0.4512629956654015,0.4512625670472935,0.5487364628218262,0.5244268381061575,0.4755731618655376,0.5012050198215775,0.49879445029357994,0.5256291052900144,0.4743708946799925,0.500000363977628,0.49999963602233266,0.5384615177514801,0.4615384437869829,0.49993991089994605,0.5000595137494436
S10-41.1-LEVEL-41-GENERAL-ARRANGEMENT-PLAN-Rev.4_page_1.png,1.0,data_/402867 - Polycell - The Rochester/images/S10-41.1-LEVEL-41-GENERAL-ARRANGEMENT-PLAN-Rev.4_page_1.png,0.499998989612365,0.499997961881843,0.49970861931623156,0.5002908185398453,0.5032838159301464,0.4967161599641538,0.4967157620173838,0.5032834127216643,0.5016421886514382,0.49835781131609286,0.49981009098408274,0.5001893827064545,0.5014525444990788,0.49854745546674367,0.5000005138668057,0.49999948613315065,0.4999999750000012,0.4999999750000012,0.5000315073421407,0.4999679096101125
S10-42.1-LEVEL-42-GENERAL-ARRANGEMENT-PLAN-Rev.4_page_1.png,1.0,data_/402867 - Polycell - The Rochester/images/S10-42.1-LEVEL-42-GENERAL-ARRANGEMENT-PLAN-Rev.4_page_1.png,0.5000028370576876,0.4999938473708732,0.4999040136619696,0.5000954046007364,0.5132039017277576,0.48679607708467976,0.48679563063368625,0.5132034310575888,0.5066053547300421,0.4933946452382096,0.4997137137917794,0.5002857596351141,0.5063193794133235,0.4936806205532406,0.5000044948582865,0.4999955051416661,0.4999999750000012,0.4999999750000012,0.49980319400243134,0.5001962240370335
10.0-LEVEL-4-SLAB-PLAN-Rev.E_page_1.png,1.0,data_/Residential - 5 level/images/10.0-LEVEL-4-SLAB-PLAN-Rev.E_page_1.png,0.5000183718753333,0.49997825539079954,0.49017869552191917,0.509820759105037,0.6046974395762461,0.39530254323795133,0.3953021124921122,0.6046967806609155,0.5529454008493272,0.4470545991216734,0.5011588267046363,0.4988406579063022,0.5540912079208029,0.4459087920493124,0.5000200583098942,0.4999799416900576,0.5384614970414233,0.4615384260355057,0.5086721628849571,0.4913271634077861
11.0-LEVEL-5-SLAB-PLAN-Rev.E_page_1.png,1.0,data_/Residential - 5 level/images/11.0-LEVEL-5-SLAB-PLAN-Rev.E_page_1.png,0.5000111254138339,0.4999855018058646,0.4840908492625536,0.5159085988517547,0.5981837749944433,0.40181620754539377,0.40181577438055655,0.5981831301419644,0.5495808345211508,0.4504191654496389,0.5011212176652236,0.4988782668110303,0.5506910360859145,0.4493089638839749,0.5000128118471721,0.4999871881527797,0.5384614970414233,0.4615384260355057,0.49600570175227393,0.5039936071722556
12.0-ROOF-SLAB-PLAN-Rev.F_page_1.png,1.0,data_/Residential - 5 level/images/12.0-ROOF-SLAB-PLAN-Rev.F_page_1.png,0.49999962285870636,0.4999970280058667,0.4808062814901992,0.5191931667472085,0.5926059978906362,0.40739398108187597,0.40739361743013114,0.5926054689132455,0.5467076972961442,0.45329230267193005,0.5008044261224062,0.4991950610532351,0.5475052383267579,0.4524947616405024,0.5000012974307412,0.49999870256921086,0.5624999648437522,0.4374999726562517,0.5004861475026645,0.4995131670416578
13.0-ROOF-TOP-TERRACE-AND-TERRACE-ROOF-SLAB-PLANS-Rev.F_page_1.png,1.0,data_/Residential - 5 level/images/13.0-ROOF-TOP-TERRACE-AND-TERRACE-ROOF-SLAB-PLANS-Rev.F_page_1.png,0.5000480699512982,0.4999400453004088,0.490571147422079,0.5094281706819133,0.585990484693722,0.41400950754441795,0.4140084810016516,0.5859890317215503,0.5433447611786251,0.4566552387848579,0.5002155844509745,0.4997839020388128,0.5435589724153925,0.45644102754710514,0.5000540129672899,0.4999459870325395,0.49999998437500054,0.49999998437500054,0.49761195037002814,0.5023873679365861
5.0-BASEMENT-2-SLAB-&-FOOTING-PLAN-Rev.E_page_1.png,1.0,data_/Residential - 5 level/images/5.0-BASEMENT-2-SLAB-&-FOOTING-PLAN-Rev.E_page_1.png,0.5057706071337864,0.49422703881759805,0.4749950283885413,0.5250044405119421,0.7165556595783646,0.2834443248749143,0.2834440346112548,0.7165549257832248,0.6166289655879799,0.3833710343885486,0.4967491147028115,0.5032503603055027,0.6135505368230643,0.3864494631522535,0.5057717977451697,0.49422820225479663,0.6666666349206364,0.3333333174603182,0.5337049455898297,0.4662944900796588
6.0-BASEMENT-1-SUSPENDED-SLAB-PLAN-Rev.E_page_1.png,1.0,data_/Residential - 5 level/images/6.0-BASEMENT-1-SUSPENDED-SLAB-PLAN-Rev.E_page_1.png,0.5021288943011054,0.49786873436912954,0.4812659216480946,0.5187335520332482,0.6327622798021131,0.36723770114627735,0.36723735169722826,0.6327616776902485,0.568639607410807,0.43136039256350894,0.4996357182108577,0.5003637596359212,0.568282410993635,0.43171758897954027,0.5021300850171049,0.49786991498286115,0.49999996428571686,0.49999996428571686,0.510589560150765,0.48940984857065123
7.0-GROUND-(L1)-SLAB-PLAN-Rev.E_page_1.png,1.0,data_/Residential - 5 level/images/7.0-GROUND-(L1)-SLAB-PLAN-Rev.E_page_1.png,0.50252781842393,0.4974698582250823,0.4764590505360492,0.52354042101296,0.69448285141692,0.3055171313417105,0.3055168374167968,0.6944821832847886,0.6024391890343772,0.39756081094117507,0.494920961210874,0.505078522936046,0.5975634414973824,0.4024365584773421,0.5025289859751292,0.4974710140248375,0.588235259515573,0.4117646816609011,0.526053939526761,0.4739454891144573
8.0-LEVEL-2-SLAB-PLAN-Rev.E_page_1.png,1.0,data_/Residential - 5 level/images/8.0-LEVEL-2-SLAB-PLAN-Rev.E_page_1.png,0.500459177479888,0.4995372680436863,0.48599302448571835,0.5140064264336146,0.6636879657580347,0.33631201831129615,0.33631164869219987,0.6636872363409079,0.5843868527189765,0.41561314725212123,0.5006476113562247,0.4993518717526346,0.5850161309420177,0.4149838690281102,0.5004609563565339,0.4995390436434152,0.5999999600000027,0.39999997333333515,0.50532136471961,0.4946779573243361
9.0-LEVEL-3-SLAB-PLAN-Rev.E_page_1.png,1.0,data_/Residential - 5 level/images/9.0-LEVEL-3-SLAB-PLAN-Rev.E_page_1.png,0.500047976746584,0.4999486504195788,0.49065128472721736,0.509348170421084,0.6125281953209711,0.38747178806724625,0.3874713539695956,0.6125275090850728,0.5570196964157246,0.442980303555739,0.5013591525894393,0.4986403322329957,0.5583610122995103,0.4416389876710961,0.5000496633309847,0.49995033666896704,0.5384614970414233,0.4615384260355057,0.5080808127233445,0.49191851275854104
S-26992-DD-3011[1]-BASEMENT 1 GENERAL ARRANGEMENT PLAN_page_1.png,0.0,data_/Resi-6 lvls (402683 - Hutchinson Radcliffe Kingsford Tce)/images/S-26992-DD-3011[1]-BASEMENT 1 GENERAL ARRANGEMENT PLAN_page_1.png,0.9287744918496948,0.07122372630266673,0.47338798848008573,0.5266114846849059,0.7339100875002105,0.26608989767126984,0.26608962275358755,0.7339093292419602,0.8570861135835217,0.14291388639626548,0.4806196153128056,0.5193798651247027,0.8473203291891361,0.1526796707892623,0.928776146787255,0.07122385321271955,0.6666666111111158,0.3333333055555579,0.31779671776681967,0.6822029379411364
S-26992-DD-3021[1]-GROUND GENERAL ARRANGEMENT PLAN_page_1.png,0.0,data_/Resi-6 lvls (402683 - Hutchinson Radcliffe Kingsford Tce)/images/S-26992-DD-3021[1]-GROUND GENERAL ARRANGEMENT PLAN_page_1.png,0.9331257248223697,0.06687265781245096,0.4465938163099135,0.5534056101507178,0.882642646350188,0.11735734799542047,0.11735717757511853,0.8826413646219547,0.911066202563076,0.08893379742542538,0.5016079097233794,0.49839155844670907,0.9115860352666376,0.08841396472116406,0.9331272340298443,0.06687276597013253,0.7777777345679036,0.2222222098765439,0.2763726719468796,0.7236269348369746
S-26992-DD-3021[F]-GROUND GENERAL ARRANGEMENT PLAN_page_1.png,0.0,data_/Resi-6 lvls (402683 - Hutchinson Radcliffe Kingsford Tce)/images/S-26992-DD-3021[F]-GROUND GENERAL ARRANGEMENT PLAN_page_1.png,0.5868612039109175,0.41313765623179144,0.5718280330904985,0.4281712840334857,0.31947752223929404,0.6805224758095074,0.6805164430711691,0.3194746901149114,0.4495266961940155,0.5504733038001202,0.4927105423918494,0.507288940228197,0.4423223742384037,0.557677625755537,0.5868618728496925,0.4131381271502912,0.4583333142361119,0.5416666440972231,0.49656519325278253,0.5034342308277804
S-26992-DD-4011[1]-LEVEL 1 GENERAL ARRANGEMENT PLAN_page_1.png,1.0,data_/Resi-6 lvls (402683 - Hutchinson Radcliffe Kingsford Tce)/images/S-26992-DD-4011[1]-LEVEL 1 GENERAL ARRANGEMENT PLAN_page_1.png,0.501209229991467,0.49878965830354893,0.4987594066218178,0.501239964299223,0.5968665645430342,0.40313342967599325,0.40313209675623796,0.5968645910643381,0.549495512518361,0.4505044874719918,0.4987494246551788,0.5012500674314853,0.5482571361301339,0.45174286386006374,0.5012097871888774,0.4987902128111066,0.39999999000000025,0.5999999850000004,0.49984439762532384,0.5001550518919505
S-26992-DD-4011[E]-LEVEL 1 GENERAL ARRANGEMENT PLAN_page_1.png,1.0,data_/Resi-6 lvls (402683 - Hutchinson Radcliffe Kingsford Tce)/images/S-26992-DD-4011[E]-LEVEL 1 GENERAL ARRANGEMENT PLAN_page_1.png,0.5034261062906965,0.4965727755871199,0.5009782007524584,0.499021166414308,0.5546455148618245,0.44535447960337776,0.44535290040521003,0.5546435481247174,0.5291127261345969,0.47088727385596774,0.49893292419045787,0.5010665678797745,0.5280493883917323,0.47195061159868146,0.5034266691832151,0.4965733308167689,0.5333333155555561,0.4666666511111116,0.4998443687261116,0.5001550808749182
S-26992-DD-4021[1]-LEVEL 2 GENERAL ARRANGEMENT PLAN_page_1.png,1.0,data_/Resi-6 lvls (402683 - Hutchinson Radcliffe Kingsford Tce)/images/S-26992-DD-4021[1]-LEVEL 2 GENERAL ARRANGEMENT PLAN_page_1.png,0.5000140630970684,0.499984814675803,0.4987591294951057,0.5012402524828623,0.5425069083039916,0.4574930806688738,0.45749226630415896,0.5425059426096405,0.5212992969351161,0.47870070305154694,0.49814290896769087,0.5018565836245636,0.5194455348974667,0.48055446508899663,0.5000146242270364,0.49998537577294755,0.48780486615110086,0.5121951094586559,0.49968028865469993,0.5003191752291981
S-26992-DD-4021[E]-LEVEL 2 GENERAL ARRANGEMENT PLAN_page_1.png,1.0,data_/Resi-6 lvls (402683 - Hutchinson Radcliffe Kingsford Tce)/images/S-26992-DD-4021[E]-LEVEL 2 GENERAL ARRANGEMENT PLAN_page_1.png,0.5000139547745376,0.4999849229691597,0.4988409981224866,0.5011583839621213,0.5418976210145576,0.4581023679442669,0.45810155337503494,0.5418966574458013,0.5209929621177153,0.47900703786893944,0.4981559260035389,0.5018435666078882,0.519152106182864,0.48084789380359144,0.5000145159189715,0.4999854840810124,0.48780486615110086,0.5121951094586559,0.49999973211309834,0.49999973211309834
S-26992-DD-4031[1]-LEVEL 3 GENERAL ARRANGEMENT PLAN_page_1.png,0.0,data_/Resi-6 lvls (402683 - Hutchinson Radcliffe Kingsford Tce)/images/S-26992-DD-4031[1]-LEVEL 3 GENERAL ARRANGEMENT PLAN_page_1.png,0.5818541730766372,0.4181444065905429,0.5698230350764969,0.4301762160315328,0.4617393458585494,0.5382606481507175,0.5382588743611915,0.4617378242380887,0.5221168879398873,0.4778831120489829,0.4988285223184607,0.5011709717863606,0.5209478331322536,0.4790521668564843,0.5818549995043776,0.4181450004956021,0.36363635261708027,0.6363636170798904,0.5093053186581062,0.49069413090428626
S-26992-DD-4031[2]-LEVEL 3 GENERAL ARRANGEMENT PLAN_page_1.png,0.0,data_/Resi-6 lvls (402683 - Hutchinson Radcliffe Kingsford Tce)/images/S-26992-DD-4031[2]-LEVEL 3 GENERAL ARRANGEMENT PLAN_page_1.png,0.5821228654908495,0.41787571475017016,0.5697344964825957,0.43026475429515165,0.43982991281972733,0.5601700811034253,0.5601682771877836,0.43982849643551464,0.5112037637895082,0.48879623619925144,0.4982738967546666,0.501725596821297,0.509478645999505,0.4905213539891093,0.582123691966177,0.41787630803380266,0.4473684092797787,0.5526315644044325,0.5086670456293301,0.49133240321707866
S-26992-DD-4031[3]-LEVEL 3 GENERAL ARRANGEMENT PLAN_page_1.png,0.0,data_/Resi-6 lvls (402683 - Hutchinson Radcliffe Kingsford Tce)/images/S-26992-DD-4031[3]-LEVEL 3 GENERAL ARRANGEMENT PLAN_page_1.png,0.5821226019263297,0.4178759783131716,0.5697342308799314,0.4302650198970246,0.43501324274881403,0.5649867511216217,0.5649849518236955,0.43501185737398185,0.508757927679415,0.491242072309288,0.49862803656867555,0.5013714573840257,0.5073865715273123,0.49261342846125356,0.5821234284021669,0.4178765715978128,0.4473684092797787,0.5526315644044325,0.5086670456293301,0.49133240321707866
S-26992-DD-4041[1]-LEVEL 4 GENERAL ARRANGEMENT PLAN_page_1.png,1.0,data_/Resi-6 lvls (402683 - Hutchinson Radcliffe Kingsford Tce)/images/S-26992-DD-4041[1]-LEVEL 4 GENERAL ARRANGEMENT PLAN_page_1.png,0.5000118405607672,0.49998634431083244,0.4878471253082046,0.5121523217809482,0.529701532273055,0.47029845143680016,0.47029788677265416,0.5297008962865607,0.5148702631205689,0.48512973685882477,0.49927843251147846,0.500721058119222,0.514149557028296,0.4858504429507106,0.5000127481480938,0.49998725185188014,0.5294117491349486,0.47058822145328766,0.5218725454325475,0.47812684417821477
S-26992-DD-4051[F]-LEVEL 5 GENERAL ARRANGEMENT PLAN_page_1.png,1.0,data_/Resi-6 lvls (402683 - Hutchinson Radcliffe Kingsford Tce)/images/S-26992-DD-4051[F]-LEVEL 5 GENERAL ARRANGEMENT PLAN_page_1.png,0.5000200052256056,0.4999781866951282,0.49002077597215427,0.509978675618437,0.5395645276525852,0.46043545546428355,0.46043492407801434,0.5395639049438473,0.5198237701482123,0.48017622983084324,0.4994518862463142,0.50054760415555,0.519276748345161,0.4807232516334915,0.5000209093030314,0.49997909069694263,0.5294117491349486,0.47058822145328766,0.5159652356020215,0.48403413772800247
S-26992-DD-4311[1]-ROOF GENERAL ARRANGEMENT PLAN_page_1.png,1.0,data_/Resi-6 lvls (402683 - Hutchinson Radcliffe Kingsford Tce)/images/S-26992-DD-4311[1]-ROOF GENERAL ARRANGEMENT PLAN_page_1.png,0.5000565827360746,0.4999416381643521,0.4897227527015275,0.5102767067811846,0.5489686130782733,0.4510313681795057,0.4510309024676643,0.5489680462414595,0.5245719733864347,0.4754280265916662,0.4985548047432697,0.5014446840885143,0.5231303179461906,0.47686968203141805,0.5000574723880976,0.4999425276118769,0.5757575583103771,0.42424241138659363,0.5143484656217698,0.48565091174587716
S096-01-BASEMENT-03-GENERAL-ARRANGEMENT-PLAN-Rev.C6_page_1.png,1.0,"data_/402868 - Melrose Built - Ducale Luxury Residence, Teneriffe/images/S096-01-BASEMENT-03-GENERAL-ARRANGEMENT-PLAN-Rev.C6_page_1.png",0.5009890918559358,0.4990080248576726,0.476901859853571,0.523097554279852,0.6598838373666438,0.3401161566505079,0.3401151433655503,0.6598818714195605,0.5825789735091357,0.4174210264749229,0.4978293074499953,0.5021701900618604,0.5804662198900108,0.41953378009395687,0.5009905363551108,0.49900946364484783,0.5499999725000013,0.4499999775000011,0.505593170950354,0.4944059893335512
S097-01-BASEMENT-02-GENERAL-ARRANGEMENT-PLAN-Rev.C7_page_1.png,1.0,"data_/402868 - Melrose Built - Ducale Luxury Residence, Teneriffe/images/S097-01-BASEMENT-02-GENERAL-ARRANGEMENT-PLAN-Rev.C7_page_1.png",0.5014875931227717,0.49850942213129057,0.4690636365098445,0.5309358287243914,0.7031555170268208,0.29684446716776586,0.2968441599036638,0.7031547891896116,0.6068673318984852,0.39313266807492475,0.49799251866595834,0.5020069791582359,0.6049501510008567,0.3950498489724147,0.5014890899402743,0.49851091005968295,0.5999999600000027,0.39999997333333515,0.511696358548832,0.48830261436739897
S098-01-BASEMENT-01-GENERAL-ARRANGEMENT-PLAN-Rev.C7_page_1.png,1.0,"data_/402868 - Melrose Built - Ducale Luxury Residence, Teneriffe/images/S098-01-BASEMENT-01-GENERAL-ARRANGEMENT-PLAN-Rev.C7_page_1.png",0.5016185298855829,0.4983785069654098,0.47683362863557127,0.5231658344655927,0.42416299717134615,0.5758369917343631,0.5758359892841435,0.42416225876395697,0.4626662738816678,0.5373337260965468,0.4983376361865155,0.5016618619915013,0.46101383696283876,0.5389861630153019,0.5016200162604147,0.4983799837395428,0.6470587854671302,0.35294115570934376,0.499814214897076,0.5001847699145983
S100-01-GROUND-FLOOR-GENERAL-ARRANGEMENT-PLAN-Rev.C5_page_1.png,1.0,"data_/402868 - Melrose Built - Ducale Luxury Residence, Teneriffe/images/S100-01-GROUND-FLOOR-GENERAL-ARRANGEMENT-PLAN-Rev.C5_page_1.png",0.5018564614607895,0.4981405560994286,0.45133590739430385,0.5486635342806458,0.6194730026068438,0.3805269819092501,0.3805265267997373,0.6194722617183661,0.5615295430224642,0.4384704569516107,0.49958910552140373,0.5004103894422666,0.5611250785522437,0.43887492142156725,0.5018579582219075,0.49814204177804977,0.47619045351474026,0.5238094988662143,0.5413819507330803,0.4586170817390343
S101-01-LEVEL-01-GENERAL-ARRANGEMENT-PLAN-Rev.C5_page_1.png,1.0,"data_/402868 - Melrose Built - Ducale Luxury Residence, Teneriffe/images/S101-01-LEVEL-01-GENERAL-ARRANGEMENT-PLAN-Rev.C5_page_1.png",0.5000821040089856,0.49991459807097577,0.4821944707274599,0.5178049829354701,0.635349458275773,0.3646505253739028,0.3646501201582721,0.6353487522476349,0.5690031967032265,0.4309968032686936,0.4988001528497535,0.5011993358928932,0.5678260619649071,0.4321739380063712,0.5000837532451928,0.49991624675476,0.599999976000001,0.39999998400000064,0.5119162869479797,0.4880827069328127
S102-01-LEVEL-02-GENERAL-ARRANGEMENT-PLAN-Rev.C4_page_1.png,1.0,"data_/402868 - Melrose Built - Ducale Luxury Residence, Teneriffe/images/S102-01-LEVEL-02-GENERAL-ARRANGEMENT-PLAN-Rev.C4_page_1.png",0.8457804868825723,0.15421399955965914,0.8364710310932081,0.16352802617996118,0.05612421705148358,0.9438757814641695,0.9438731022560453,0.05612405774189937,0.363488625650292,0.6365113743316282,0.49628779830203235,0.5037116920863419,0.3600603196138062,0.6399396803678037,0.8457851501677907,0.15421484983213024,0.4999999861111115,0.4999999861111115,0.5146723843994354,0.4853266149586787
S103-01-LEVEL-03-GENERAL-ARRANGEMENT-PLAN-Rev.C5_page_1.png,1.0,"data_/402868 - Melrose Built - Ducale Luxury Residence, Teneriffe/images/S103-01-LEVEL-03-GENERAL-ARRANGEMENT-PLAN-Rev.C5_page_1.png",0.5013778341463729,0.4986188907916538,0.4746900640598359,0.5253093556816346,0.6211989493349405,0.37880103824906036,0.37880047165669445,0.6211980201754428,0.5621959720139994,0.4378040279616665,0.49671729883251015,0.5032821882372553,0.5589616748973427,0.44103832507767354,0.5013794761952061,0.49862052380474703,0.44444443209876583,0.5555555401234572,0.5432161614575062,0.4567829235282666
S104-01-LEVEL-04-GENERAL-ARRANGEMENT-PLAN-Rev.C4_page_1.png,1.0,"data_/402868 - Melrose Built - Ducale Luxury Residence, Teneriffe/images/S104-01-LEVEL-04-GENERAL-ARRANGEMENT-PLAN-Rev.C4_page_1.png",0.5001007780551886,0.4998952751674117,0.48431966088277234,0.5156797528341703,0.5869988944501672,0.4130010884259457,0.41300063020463773,0.5869982431797258,0.5438847521535259,0.4561152478152128,0.500736145654395,0.49926334692889196,0.544615384598109,0.45538461537017016,0.5001027518493988,0.49989724815054465,0.5862068763376939,0.41379308917954866,0.5246601642371891,0.4753388918784373
S105-01-LEVEL-05-GENERAL-ARRANGEMENT-PLAN-Rev.C4_page_1.png,1.0,"data_/402868 - Melrose Built - Ducale Luxury Residence, Teneriffe/images/S105-01-LEVEL-05-GENERAL-ARRANGEMENT-PLAN-Rev.C4_page_1.png",0.5000459278793155,0.4999493051477569,0.48001559733861976,0.5199838614955102,0.6251155586839455,0.37488442467690636,0.37488401075565697,0.625114868474921,0.5635927373069721,0.436407262659019,0.5003243890393607,0.4996751053282081,0.5639121014971659,0.436087898468445,0.5000483115960451,0.49995168840388643,0.5789473379501401,0.4210526094182837,0.4884065810636663,0.5115919717743729
S106-01-LEVEL-06-GENERAL-ARRANGEMENT-PLAN-Rev.C4_page_1.png,1.0,"data_/402868 - Melrose Built - Ducale Luxury Residence, Teneriffe/images/S106-01-LEVEL-06-GENERAL-ARRANGEMENT-PLAN-Rev.C4_page_1.png",0.5000421429766438,0.4999531118509295,0.48482408505450986,0.5151753572121416,0.6062088384191077,0.3937911448211611,0.39379070506973557,0.6062081614582252,0.5537393682132263,0.44626063175279745,0.5004615020006234,0.4995379920471349,0.5541957440766545,0.44580425588896816,0.5000445157740582,0.49995548422587377,0.5789473379501401,0.4210526094182837,0.47944723715541276,0.520551413922547
S107-01-LEVEL-07-GENERAL-ARRANGEMENT-PLAN-Rev.C4_page_1.png,1.0,"data_/402868 - Melrose Built - Ducale Luxury Residence, Teneriffe/images/S107-01-LEVEL-07-GENERAL-ARRANGEMENT-PLAN-Rev.C4_page_1.png",0.5000699479691992,0.49992528555754906,0.4800481170366591,0.5199513418433666,0.6131988008531449,0.3868011819724567,0.3868007635214855,0.613198137479697,0.5573795632454148,0.4426204367200868,0.5001983543742385,0.4998011398648531,0.5575755460758749,0.4424244538892308,0.5000723315505572,0.49992766844937436,0.5789473379501401,0.4210526094182837,0.4884065810636663,0.5115919717743729
S108-01-LEVEL-08-GENERAL-ARRANGEMENT-PLAN-Rev.C4_page_1.png,1.0,"data_/402868 - Melrose Built - Ducale Luxury Residence, Teneriffe/images/S108-01-LEVEL-08-GENERAL-ARRANGEMENT-PLAN-Rev.C4_page_1.png",0.5000843262871356,0.4999109073766996,0.47979806219316296,0.5202013964266278,0.6137612908265686,0.38623869202400823,0.3862382737825328,0.6137606262105343,0.5576792507247594,0.44232074924076553,0.49991029129239517,0.5000892026551987,0.5575909836157021,0.44240901634940477,0.5000867098684721,0.4999132901314594,0.5789473379501401,0.4210526094182837,0.4884065810636663,0.5115919717743729
S109-01-LEVEL-09-GENERAL-ARRANGEMENT-PLAN-Rev.C2_page_1.png,1.0,"data_/402868 - Melrose Built - Ducale Luxury Residence, Teneriffe/images/S109-01-LEVEL-09-GENERAL-ARRANGEMENT-PLAN-Rev.C2_page_1.png",0.5007403754788727,0.4992548983533571,0.48127170583864537,0.5187276974904139,0.6729735086693176,0.3270264805474228,0.32702595294095543,0.6729724229310161,0.5896014148380913,0.4103985851344459,0.4984685641297136,0.5015309274052666,0.588118590533207,0.4118814094388498,0.5007427420730475,0.4992572579268847,0.3199999872000005,0.679999972800001,0.507336102971083,0.49266268247500866
S200-01-ROOF-GENERAL-ARRANGEMENT-PLAN-Rev.C2_page_1.png,1.0,"data_/402868 - Melrose Built - Ducale Luxury Residence, Teneriffe/images/S200-01-ROOF-GENERAL-ARRANGEMENT-PLAN-Rev.C2_page_1.png",0.6582468008687952,0.3417440118340593,0.5198391106829573,0.480160369477932,0.4885368816552985,0.5114630942628573,0.5114626842750326,0.4885364900450815,0.5756225211447853,0.4243774787980279,0.5024266712982397,0.49757282619237364,0.5779921892615442,0.4220078106810241,0.6582528484332238,0.3417471515666443,0.2666666488888901,0.7333332844444478,0.8338218977230715,0.16617779379004577
1614-S10-00-10(3) - GROUND LEVEL - SLAB PLAN_page_1.png,0.0,"data_/402886 - M8 Con Trading - Kora, 798 Pacific Pd, Currumbin/images/1614-S10-00-10(3) - GROUND LEVEL - SLAB PLAN_page_1.png",0.6671438104911056,0.33285200427093775,0.6298264896601221,0.37017283760894437,0.06118657702412072,0.9388134204598648,0.9388117171678425,0.06118646601312934,0.26547748258404347,0.7345225173998067,0.5005455591371083,0.4994539340469057,0.26590343290969104,0.7340965670739306,0.6671466026583496,0.3328533973415903,0.1999999900000005,0.799999960000002,0.49564997982264386,0.5043490660316924
1614-S10-01-10(0) - LEVEL 01 - SLAB PLAN_page_1.png,1.0,"data_/402886 - M8 Con Trading - Kora, 798 Pacific Pd, Currumbin/images/1614-S10-01-10(0) - LEVEL 01 - SLAB PLAN_page_1.png",0.5000751094347222,0.49991930972703724,0.4791131607489168,0.5208862438766192,0.5955571968616968,0.40444278827669333,0.4044422726587586,0.595556437594921,0.5482616194575107,0.4517383805078352,0.4985384500252235,0.5014610341220843,0.5468135326318999,0.4531864673323372,0.5000779002885513,0.49992209971136864,0.5172413614744358,0.48275860404280674,0.5144913704810081,0.4855077977846085
1614-S10-02-10(1) - LEVEL 02 - SLAB PLAN_page_1.png,1.0,"data_/402886 - M8 Con Trading - Kora, 798 Pacific Pd, Currumbin/images/1614-S10-02-10(1) - LEVEL 02 - SLAB PLAN_page_1.png",0.5000514422219638,0.4999428762503023,0.4768558230536342,0.5231436191173127,0.5976084232584845,0.40239156050815195,0.4023910926939748,0.5976077284882153,0.5493051488095168,0.45069485115393243,0.4998523818322982,0.5001471000953052,0.5491592182794592,0.4508407816826677,0.5000542832942021,0.4999457167057164,0.5357142665816333,0.46428569770408223,0.5177786705585541,0.48222038687187013
1614-S10-03-10(1) - LEVEL 03 - SLAB PLAN_page_1.png,1.0,"data_/402886 - M8 Con Trading - Kora, 798 Pacific Pd, Currumbin/images/1614-S10-03-10(1) - LEVEL 03 - SLAB PLAN_page_1.png",0.5000172336646155,0.49997708362724985,0.47374254241251124,0.5262568963605577,0.6078349128679965,0.39216507134264844,0.39216460639607337,0.6078341922256405,0.5545693709811427,0.4454306289827668,0.5006662974250151,0.4993331853448368,0.5552278920245165,0.44477210793815475,0.5000200751327231,0.49997992486719534,0.5185184993141296,0.48148146364883465,0.5251582482754219,0.4748408235794274
1614-S10-04-10(3) - LEVEL 04 - SLAB PLAN_page_1.png,1.0,"data_/402886 - M8 Con Trading - Kora, 798 Pacific Pd, Currumbin/images/1614-S10-04-10(3) - LEVEL 04 - SLAB PLAN_page_1.png",0.5036153170061568,0.49637897097026373,0.473095805494724,0.526903625595686,0.6533798388218027,0.34662014985687234,0.3466196020015977,0.6533788061132564,0.5803477448049487,0.4196522551642364,0.49770118497203014,0.5022982930098225,0.5781068898719218,0.4218931100958824,0.5036181936851128,0.49638180631480516,0.5806451425598341,0.4193548251821024,0.5029773737217828,0.49702165477741994
1614-S10-05-10(0) - ROOF LEVEL - SLAB PLAN_page_1.png,0.0,"data_/402886 - M8 Con Trading - Kora, 798 Pacific Pd, Currumbin/images/1614-S10-05-10(0) - ROOF LEVEL - SLAB PLAN_page_1.png",0.8394433542044516,0.16051449137300297,0.468471370191997,0.5315280982789035,0.5247095258745199,0.4752904509605055,0.47529005478249386,0.5247090885032741,0.7061247888886986,0.2938752109853723,0.48721800537740567,0.5127814814767887,0.6954022987597437,0.3045977011096398,0.8394787419455498,0.16052125805384543,0.7647058373702448,0.23529410380622917,0.6929772635435749,0.30702188471829345
